Word,Frequency,Frequency(%)
I,2,33.33333333333333
love,2,33.33333333333333
Java,1,16.666666666666664
Nsu,1,16.666666666666664
