Word,Frequency,Frequency(%)
I,2,18.181818181818183
love,2,18.181818181818183
NSU,1,9.090909090909092
Nsu,1,9.090909090909092
best,1,9.090909090909092
is,1,9.090909090909092
java,1,9.090909090909092
the,1,9.090909090909092
university,1,9.090909090909092
