Word,Frequency,Frequency(%)
I,3,25.0
love,2,16.666666666666664
NSU,1,8.333333333333332
Nsu,1,8.333333333333332
best,1,8.333333333333332
is,1,8.333333333333332
java,1,8.333333333333332
the,1,8.333333333333332
university,1,8.333333333333332
